City_ID,City,Country,Lat,Lng,Max Temp,Humidity,Cloudiness,Wind Speed,Current Description
0,Rikitea,PF,-23.1203,-134.9692,76.71,79,100,21.05,moderate rain
1,Hithadhoo,MV,-0.6,73.0833,82.4,70,68,13.04,broken clouds
2,Punta Arenas,CL,-53.15,-70.9167,57.31,44,0,18.41,clear sky
3,Gat,IL,31.61,34.7642,49.41,65,0,4.52,clear sky
4,Ushuaia,AR,-54.8,-68.3,53.26,50,40,11.5,scattered clouds
5,Souillac,MU,-20.5167,57.5167,76.35,88,40,4.61,scattered clouds
6,Tura,IN,25.5198,90.2201,54.14,67,0,3.02,clear sky
7,Dikson,RU,73.5069,80.5464,-9.09,97,24,8.25,few clouds
8,Seydi,TM,39.4816,62.9137,33.12,75,100,12.33,overcast clouds
9,Lompoc,US,34.6391,-120.4579,54.37,77,90,10.36,light rain
10,Severo-Kurilsk,RU,50.6789,156.125,30.52,96,100,22.24,snow
11,Bredasdorp,ZA,-34.5322,20.0403,67.28,88,100,8.05,overcast clouds
12,Esperance,AU,-33.8667,121.9,70.68,60,50,15.46,scattered clouds
13,Sao Joao Da Barra,BR,-21.6403,-41.0511,70.12,78,0,3.71,clear sky
14,Albany,US,42.6001,-73.9662,38.37,94,100,1.7,light snow
15,Lalmohan,BD,22.3384,90.7419,65.14,73,0,6.49,clear sky
16,Hermanus,ZA,-34.4187,19.2345,68.9,87,100,14.0,overcast clouds
17,Cape Town,ZA,-33.9258,18.4232,69.12,77,0,3.0,clear sky
18,Barrow,US,71.2906,-156.7887,-14.78,76,1,6.91,clear sky
19,Weligama,LK,5.9667,80.4167,70.88,86,6,5.77,clear sky
20,Yellowknife,CA,62.456,-114.3525,-7.08,77,90,16.11,mist
21,Bandarbeyla,SO,9.4942,50.8122,78.94,61,100,11.39,overcast clouds
22,Ilulissat,GL,69.2167,-51.1,26.62,43,8,8.05,clear sky
23,Port Alfred,ZA,-33.5906,26.891,68.81,89,100,16.4,light rain
24,Vaini,TO,-21.2,-175.2,84.36,84,75,11.5,broken clouds
25,Cidreira,BR,-30.1811,-50.2056,71.82,82,0,17.18,clear sky
26,Comodoro Rivadavia,AR,-45.8667,-67.5,60.66,72,0,6.91,clear sky
27,Chokurdakh,RU,70.6333,147.9167,-17.05,97,100,10.89,overcast clouds
28,Lavumisa,SZ,-27.31,31.892,70.92,96,100,2.73,overcast clouds
29,Upernavik,GL,72.7868,-56.1549,3.36,100,100,8.61,overcast clouds
30,Flin Flon,CA,54.7682,-101.865,-14.26,91,27,7.56,scattered clouds
31,Marawi,PH,7.9986,124.2928,72.64,80,98,2.44,overcast clouds
32,Beaverlodge,CA,55.2166,-119.4361,-26.25,98,100,4.52,overcast clouds
33,Inhambane,MZ,-23.865,35.3833,74.43,85,95,6.98,overcast clouds
34,Dalbandin,PK,28.8947,64.4101,57.79,27,100,6.78,overcast clouds
35,Mataura,NZ,-46.1927,168.8643,76.48,34,5,9.78,clear sky
36,Bambous Virieux,MU,-20.3428,57.7575,76.21,88,40,4.61,scattered clouds
37,Morant Bay,JM,17.8815,-76.4093,80.22,84,26,7.36,scattered clouds
38,Busselton,AU,-33.65,115.3333,84.16,40,34,11.74,scattered clouds
39,Saint-Augustin,CA,51.226,-58.6502,28.09,98,100,3.87,light snow
40,Maraa,BR,-1.8333,-65.3667,75.31,95,85,3.06,overcast clouds
41,San Cristobal,VE,7.7669,-72.225,69.98,85,34,1.19,scattered clouds
42,Ribeira Grande,PT,38.5167,-28.7,63.32,95,100,26.31,overcast clouds
43,Atuona,PF,-9.8,-139.0333,78.33,73,1,13.0,clear sky
44,Fortuna,US,40.5982,-124.1573,42.33,94,75,1.01,broken clouds
45,Troitskoye,RU,52.9821,84.6757,14.94,95,100,3.13,overcast clouds
46,Deputatskiy,RU,69.3,139.9,-29.78,97,100,6.93,overcast clouds
47,Stokmarknes,NO,68.5646,14.9108,24.71,71,18,2.86,few clouds
48,Puerto Ayora,EC,-0.7393,-90.3518,70.56,94,99,3.0,overcast clouds
49,Bluff,NZ,-46.6,168.3333,76.8,53,14,9.6,few clouds
50,Mar Del Plata,AR,-38.0023,-57.5575,63.09,87,0,5.01,clear sky
51,Luderitz,NA,-26.6481,15.1594,60.85,86,0,6.02,clear sky
52,Husavik,IS,66.0449,-17.3389,26.51,81,100,8.21,overcast clouds
53,Kaitangata,NZ,-46.2817,169.8464,65.93,71,0,5.66,clear sky
54,Olafsvik,IS,64.8945,-23.7142,30.15,77,100,25.84,overcast clouds
55,Plettenberg Bay,ZA,-34.0527,23.3716,65.3,98,76,3.15,broken clouds
56,Georgetown,MY,5.4112,100.3354,82.33,79,20,3.44,few clouds
57,Bhim Tal,IN,29.35,79.5667,40.37,59,98,4.18,overcast clouds
58,East London,ZA,-33.0153,27.9116,69.93,93,100,11.65,light rain
59,Arraial Do Cabo,BR,-22.9661,-42.0278,72.59,72,0,8.59,clear sky
60,Bengkulu,ID,-3.8004,102.2655,77.63,84,97,3.51,overcast clouds
61,New Norfolk,AU,-42.7826,147.0587,63.91,46,8,3.0,clear sky
62,Aasiaat,GL,68.7098,-52.8699,11.44,75,10,11.88,clear sky
63,Renigunta,IN,13.65,79.5167,67.98,88,20,3.44,mist
64,Airai,TL,-8.9266,125.4092,60.66,97,100,5.66,overcast clouds
65,Aberystwyth,GB,52.4155,-4.0829,42.66,91,100,11.88,overcast clouds
66,Provideniya,RU,64.3833,-173.3,15.82,92,100,1.77,overcast clouds
67,Kropotkin,RU,45.4375,40.5756,42.67,82,100,18.75,overcast clouds
68,Kodiak,US,57.79,-152.4072,38.71,81,1,4.61,clear sky
69,Mahebourg,MU,-20.4081,57.7,76.24,88,40,4.61,scattered clouds
70,Codrington,AU,-38.2667,141.9667,60.21,59,100,14.54,overcast clouds
71,Matara,LK,5.9485,80.5353,70.79,85,5,7.38,clear sky
72,Hay River,CA,60.8156,-115.7999,-14.82,76,90,20.71,light snow
73,Voyvozh,RU,62.892,54.9635,5.95,89,100,13.35,overcast clouds
74,Catio,GW,11.2833,-15.25,75.49,77,98,5.03,overcast clouds
75,Tiksi,RU,71.6872,128.8694,-11.54,99,100,5.86,overcast clouds
76,Qaanaaq,GL,77.484,-69.3632,10.71,94,100,7.83,overcast clouds
77,Santa Cruz,BO,-17.8,-63.1667,74.66,94,75,6.91,broken clouds
78,San Patricio,US,28.017,-97.5169,73.81,81,10,10.45,clear sky
79,Boralday,KZ,43.3578,76.8594,28.26,100,90,4.47,fog
80,Tucurui,BR,-3.7661,-49.6725,73.8,95,100,2.42,overcast clouds
81,Aloleng,PH,16.1307,119.7824,80.31,65,96,9.84,overcast clouds
82,Baherden,TM,38.4362,57.4316,34.83,83,90,2.73,overcast clouds
83,Bosaso,SO,11.2842,49.1816,72.86,75,58,4.25,broken clouds
84,Norman Wells,CA,65.282,-126.8329,-30.96,61,20,5.75,few clouds
85,Ancud,CL,-41.8697,-73.8203,60.42,89,0,2.77,clear sky
86,Vallenar,CL,-28.5708,-70.7581,73.67,54,94,3.78,overcast clouds
87,Tuktoyaktuk,CA,69.4541,-133.0374,-22.0,76,1,8.05,clear sky
88,Kudahuvadhoo,MV,2.6708,72.8944,81.34,64,72,14.7,broken clouds
89,Anqing,CN,30.5092,117.0506,28.26,30,98,15.32,overcast clouds
90,Ajdabiya,LY,30.7554,20.2263,54.34,57,0,8.5,clear sky
91,Ugoofaaru,MV,5.6667,73.0,80.13,72,100,7.07,overcast clouds
92,Hobart,AU,-42.8794,147.3294,64.26,45,0,4.0,light rain
93,Sosnovo-Ozerskoye,RU,52.5249,111.5418,-11.76,94,28,9.37,scattered clouds
94,Karratha,AU,-20.7377,116.8463,93.61,36,51,18.68,broken clouds
95,The Valley,AI,18.217,-63.0578,79.11,67,6,15.35,clear sky
96,Hirara,JP,24.8,125.2833,61.07,82,75,17.27,broken clouds
97,Touros,BR,-5.1989,-35.4608,83.3,83,94,7.34,overcast clouds
98,Kosh-Agach,RU,50.0,88.6667,-14.6,68,23,2.86,few clouds
99,Katherine,AU,-14.4667,132.2667,82.72,74,40,16.11,light rain
100,Castro,BR,-24.7911,-50.0119,62.17,59,38,4.12,scattered clouds
101,Novaya Igirma,RU,57.1334,103.9112,-16.46,96,22,1.23,few clouds
102,Narsaq,GL,60.9167,-46.05,44.82,47,100,21.36,overcast clouds
103,Galle,LK,6.0367,80.217,72.57,85,6,3.4,clear sky
104,Cherskiy,RU,68.75,161.3,-23.6,99,100,3.98,overcast clouds
105,Tautira,PF,-17.7333,-149.15,86.02,77,28,16.64,light rain
106,Whitehorse,CA,60.7161,-135.0538,-4.2,70,75,5.99,light snow
107,Khandyga,RU,62.6667,135.6,-56.97,100,73,0.6,broken clouds
108,Malanje,AO,-9.5402,16.341,63.73,96,100,1.7,overcast clouds
109,Srednekolymsk,RU,67.45,153.6833,-29.61,98,100,6.67,overcast clouds
110,Chapais,CA,49.7834,-74.8492,8.38,93,100,3.49,overcast clouds
111,Konongo,GH,6.6167,-1.2167,72.21,96,6,1.88,clear sky
112,Yebaishou,CN,41.3975,119.6408,5.14,36,7,5.86,clear sky
113,Lorengau,PG,-2.0226,147.2712,85.62,72,88,9.91,light rain
114,Komsomolskiy,UZ,40.4272,71.7189,35.02,86,100,4.61,mist
115,Kismayo,SO,-0.3582,42.5454,79.18,86,98,10.69,light rain
116,Aviemore,GB,57.1955,-3.8259,36.18,79,78,7.67,broken clouds
117,Marshall,US,34.3834,-86.3333,68.13,73,90,1.99,overcast clouds
118,Port Macquarie,AU,-31.4333,152.9167,83.89,68,15,8.5,few clouds
119,Khatanga,RU,71.9667,102.5,-24.34,94,37,3.69,scattered clouds
120,Sudak,UA,44.85,34.9667,47.66,89,99,20.54,overcast clouds
121,Kutum,SD,14.2,24.6667,56.53,25,94,6.35,overcast clouds
122,Nome,US,64.5011,-165.4064,32.16,93,90,4.61,mist
123,Beloha,MG,-25.1667,45.05,68.43,81,50,8.61,scattered clouds
124,Russell,US,32.3502,-85.1999,67.71,90,20,3.44,few clouds
125,Coihaique,CL,-45.5752,-72.0662,62.55,45,100,6.91,overcast clouds
126,Calabozo,VE,8.9242,-67.4293,81.21,62,17,5.19,few clouds
127,Saskylakh,RU,71.9167,114.0833,-29.96,100,24,2.1,few clouds
128,Jamestown,US,42.097,-79.2353,45.09,98,90,7.0,fog
129,Sibolga,ID,1.7427,98.7792,79.25,76,97,1.7,overcast clouds
130,La Paz,BO,-16.5,-68.15,49.98,93,75,3.44,fog
131,Gayny,RU,60.3071,54.3241,13.78,91,100,15.12,light snow
132,Fukue,JP,32.6881,128.8419,35.96,55,75,20.71,broken clouds
133,Ono,JP,34.85,134.9333,40.68,65,33,14.2,scattered clouds
134,Petropavl,KZ,54.8753,69.1628,-14.82,76,90,2.24,fog
135,Vao,NC,-22.6667,167.4833,77.74,77,100,9.91,overcast clouds
136,Vostok,RU,46.4856,135.8833,-18.54,93,69,4.36,broken clouds
137,Alofi,NU,-19.0595,-169.9187,84.09,65,10,10.36,light rain
138,Cascais,PT,38.6979,-9.4215,59.05,79,100,13.0,overcast clouds
139,Belmonte,BR,-15.8631,-38.8828,72.1,95,100,4.45,overcast clouds
140,Vanimo,PG,-2.6741,141.3028,80.69,88,100,5.84,overcast clouds
141,Ascension,US,30.2169,-90.9001,72.07,83,90,4.61,overcast clouds
142,San Quintin,MX,30.4833,-115.95,59.14,76,100,9.6,overcast clouds
143,Maningrida,AU,-12.0667,134.2667,83.12,80,100,19.42,moderate rain
144,Ekpoma,NG,6.7421,6.139,70.32,89,23,3.44,few clouds
145,Teguldet,RU,57.3064,88.1667,14.81,95,100,3.96,overcast clouds
146,Templin,DE,53.1186,13.5022,22.89,95,5,2.71,clear sky
147,Pocatello,US,42.8713,-112.4455,33.67,74,90,1.01,overcast clouds
148,Coueron,FR,47.2151,-1.7217,52.48,98,90,5.75,overcast clouds
149,Luanda,AO,-8.8368,13.2343,77.0,83,75,10.36,broken clouds
150,Rovaniemi,FI,66.5,25.7167,2.61,85,0,9.22,clear sky
151,Sosnovoborsk,RU,56.1325,93.3589,-11.38,96,100,2.53,overcast clouds
152,Petropavlovsk-Kamchatskiy,RU,53.0452,158.6483,30.79,55,75,17.9,light snow
153,Iqaluit,CA,63.7506,-68.5145,1.13,70,20,15.99,few clouds
154,Vardo,NO,70.3705,31.1107,27.12,81,100,23.44,light snow
155,Kushmurun,KZ,52.4503,64.6311,-11.56,98,9,2.68,clear sky
156,Fort Nelson,CA,58.8053,-122.7002,-27.81,68,1,2.3,clear sky
157,Kapaa,US,22.0752,-159.319,79.12,68,40,1.99,scattered clouds
158,Miles City,US,46.4083,-105.8406,-0.49,84,75,4.61,broken clouds
159,Hilo,US,19.7297,-155.09,78.28,53,40,10.36,scattered clouds
160,Sao Filipe,CV,14.8961,-24.4956,76.51,66,65,8.1,broken clouds
161,Aviles,ES,43.5547,-5.9248,54.73,93,0,2.3,clear sky
162,Broken Hill,AU,-31.95,141.4333,77.18,27,3,21.7,clear sky
163,Sitka,US,57.0531,-135.33,21.09,45,40,5.75,scattered clouds
164,Saint-Philippe,RE,-21.3585,55.7679,77.22,87,51,1.59,broken clouds
165,Luis Correia,BR,-2.8792,-41.6669,84.2,84,40,4.61,scattered clouds
166,Hasaki,JP,35.7333,140.8333,41.4,37,96,18.01,overcast clouds
167,Eichstatt,DE,48.8833,11.1833,34.84,92,100,4.52,overcast clouds
168,Kalemie,CD,-5.9475,29.1947,67.84,88,100,2.55,overcast clouds
169,Port Elizabeth,ZA,-33.918,25.5701,66.09,100,40,3.44,scattered clouds
170,Chuy,UY,-33.6971,-53.4616,71.11,80,95,7.38,overcast clouds
171,Half Moon Bay,US,37.4636,-122.4286,49.87,88,90,1.01,overcast clouds
172,Port Hedland,AU,-20.3167,118.5667,104.05,25,96,13.8,overcast clouds
173,Cap Malheureux,MU,-19.9842,57.6142,76.46,86,100,4.65,overcast clouds
174,Saint-Denis,FR,48.9167,2.3333,48.97,95,90,1.01,fog
175,Saint George,US,37.1041,-113.5841,52.95,59,75,5.01,broken clouds
176,Dingle,PH,10.9995,122.6711,79.16,85,69,13.24,broken clouds
177,Deming,US,32.2687,-107.7586,62.49,29,90,12.66,overcast clouds
178,Kimbe,PG,-5.5502,150.1429,83.68,79,76,2.53,moderate rain
179,Silopi,TR,37.2497,42.4694,36.9,48,0,3.0,clear sky
180,Asau,RO,46.4333,26.4,27.95,100,100,3.62,light snow
181,Senneterre,CA,48.3835,-77.2328,25.02,98,100,1.99,overcast clouds
182,Doha,QA,25.2867,51.5333,67.98,58,0,12.66,clear sky
183,Monroe,US,43.1501,-77.6831,43.95,96,90,9.22,overcast clouds
184,Taoudenni,ML,22.6783,-3.9836,68.32,24,0,7.85,clear sky
185,Shingu,JP,33.7333,135.9833,40.91,65,9,14.92,clear sky
186,Avarua,CK,-21.2078,-159.775,82.45,74,100,9.22,moderate rain
187,Hoddesdon,GB,51.7615,-0.0114,44.49,96,100,3.0,overcast clouds
188,Chisinau,MD,47.0056,28.8575,34.93,98,90,10.0,overcast clouds
189,Bac Lieu,VN,9.285,105.7244,79.47,78,38,16.15,scattered clouds
190,Ola,RU,59.5833,151.2833,-22.86,84,12,10.92,few clouds
191,Manggar,ID,-2.8833,108.2667,80.26,80,100,5.1,overcast clouds
192,Butaritari,KI,3.0707,172.7902,82.47,74,70,13.24,broken clouds
193,Hambantota,LK,6.1241,81.1185,68.34,100,4,2.3,clear sky
194,Pacifica,US,37.6138,-122.4869,49.68,84,75,7.0,broken clouds
195,Vilcun,CL,-38.65,-72.2333,59.74,75,0,1.41,clear sky
196,Omboue,GA,-1.5746,9.2618,77.36,90,100,6.22,moderate rain
197,Shetpe,KZ,44.1667,52.1167,21.61,74,28,14.0,scattered clouds
198,Manali,IN,13.1667,80.2667,73.08,88,77,4.47,broken clouds
199,Vila Franca Do Campo,PT,37.7167,-25.4333,66.2,92,100,24.14,overcast clouds
200,Broome,US,42.2506,-75.833,46.56,89,90,1.99,fog
201,Armidale,AU,-30.5167,151.65,76.8,32,7,5.99,clear sky
202,Concordia,AR,-31.393,-58.0209,83.79,44,3,14.0,clear sky
203,Datong,CN,40.0936,113.2914,4.5,25,0,3.51,clear sky
204,Korla,CN,41.7597,86.1469,21.76,70,26,3.18,scattered clouds
205,Diyarb Najm,EG,30.7542,31.4393,50.58,77,0,3.49,clear sky
206,Imbituba,BR,-28.24,-48.6703,73.29,85,23,11.01,few clouds
207,Ostrovnoy,RU,68.0531,39.5131,17.8,89,100,16.8,light snow
208,Cockburn Town,TC,21.4612,-71.1419,76.96,78,40,6.91,scattered clouds
209,Canmore,CA,51.0834,-115.3521,-15.32,69,100,5.75,overcast clouds
210,Kouvaras,GR,37.8333,23.9667,52.65,81,20,2.3,few clouds
211,Lethem,GY,3.3803,-59.7968,80.92,66,100,8.59,overcast clouds
212,Saint-Pierre,RE,-21.3393,55.4781,77.29,78,30,3.44,scattered clouds
213,Vila Velha,BR,-20.3297,-40.2925,73.94,73,0,2.3,clear sky
214,Mansa,IN,29.9833,75.3833,57.6,40,100,4.99,light rain
215,Pestretsy,RU,55.7531,49.6545,21.34,89,7,10.87,clear sky
216,Iki-Burul,RU,45.8208,44.6472,35.94,78,100,11.36,overcast clouds
217,Babushkin,RU,51.7122,105.8647,9.95,65,8,5.88,clear sky
218,Namatanai,PG,-3.6667,152.4333,84.52,72,98,5.99,moderate rain
219,Donegal,IE,54.65,-8.1167,46.51,94,100,13.04,overcast clouds
220,Yagodnoye,RU,62.55,149.6667,-20.87,98,100,2.86,overcast clouds
221,Necochea,AR,-38.5473,-58.7368,60.04,77,0,1.81,clear sky
222,Illela,NG,13.7292,5.2975,68.79,17,90,10.51,overcast clouds
223,Ankang,CN,32.68,109.0172,31.91,67,100,3.87,overcast clouds
224,Tilichiki,RU,60.4667,166.1,-12.12,97,18,9.73,few clouds
225,Cabatuan,PH,10.8794,122.486,78.73,85,61,14.23,broken clouds
226,Bundaberg,AU,-24.85,152.35,84.49,61,75,6.91,broken clouds
227,Champerico,GT,14.3,-91.9167,81.36,69,15,8.66,few clouds
228,Cabo San Lucas,MX,22.8909,-109.9124,74.61,67,1,5.73,clear sky
229,Ballina,AU,-28.8667,153.5667,82.58,65,75,8.05,broken clouds
230,Port Lincoln,AU,-34.7333,135.8667,64.6,59,50,18.32,scattered clouds
231,Shakiso,ET,5.75,38.9167,57.24,87,19,3.38,few clouds
232,Cordele,US,31.9635,-83.7824,64.92,72,1,4.61,clear sky
233,Kavieng,PG,-2.5744,150.7967,82.94,79,100,8.1,light rain
234,Jiuquan,CN,39.7432,98.5174,6.84,86,86,2.84,overcast clouds
235,Ketchikan,US,55.3422,-131.6461,17.58,52,1,9.22,clear sky
236,Ukiah,US,39.1502,-123.2078,44.64,89,90,0.0,overcast clouds
237,Pisco,PE,-13.7,-76.2167,69.85,78,90,13.8,overcast clouds
238,Milyutinskaya,RU,48.6279,41.6679,31.8,99,100,6.42,snow
239,Marsh Harbour,BS,26.5412,-77.0636,72.72,56,0,3.2,clear sky
240,Caravelas,BR,-17.7125,-39.2481,71.8,92,100,4.59,overcast clouds
241,Robertsport,LR,6.7533,-11.3686,80.83,80,12,5.19,few clouds
242,Hima,UG,0.2958,30.1804,65.95,89,100,1.48,overcast clouds
243,Dubti,ET,11.7361,41.0853,72.1,52,0,8.21,clear sky
244,Riwaka,NZ,-41.0833,173.0,71.6,48,1,6.91,clear sky
245,Gushikawa,JP,26.3544,127.8686,58.23,82,90,16.11,overcast clouds
246,Tutoia,BR,-2.7619,-42.2744,84.18,90,100,8.03,overcast clouds
247,Joshimath,IN,30.5667,79.5667,33.67,44,18,8.34,few clouds
248,Moron,AR,-34.6534,-58.6198,75.02,80,0,5.01,clear sky
249,Maumere,ID,-8.6199,122.2111,84.15,71,94,2.24,light rain
250,Concepcion,CL,-36.827,-73.0498,67.8,64,0,13.8,clear sky
251,Te Anau,NZ,-45.4167,167.7167,59.7,71,97,7.29,overcast clouds
252,Ponta Do Sol,PT,32.6667,-17.1,67.71,89,100,7.4,overcast clouds
253,Carnarvon,AU,-24.8667,113.6333,78.87,69,90,9.22,overcast clouds
254,Zuwarah,LY,32.9312,12.082,59.67,40,62,11.39,broken clouds
255,Tonantins,BR,-2.8731,-67.8022,76.98,95,100,1.83,overcast clouds
256,Changli,CN,39.7042,119.1506,14.32,24,0,14.27,clear sky
257,Bay-Khaak,RU,51.1667,94.5,-20.76,91,97,3.6,overcast clouds
258,Clyde River,CA,70.4692,-68.5914,-0.17,78,100,21.85,overcast clouds
259,Nikolskoye,RU,59.7035,30.7861,8.8,99,100,3.67,overcast clouds
260,Namibe,AO,-15.1961,12.1522,67.86,69,100,8.9,overcast clouds
261,Yelatma,RU,54.9675,41.7508,7.57,92,94,9.48,overcast clouds
262,Arequipa,PE,-16.3989,-71.535,60.87,55,75,3.44,broken clouds
263,Umm Lajj,SA,25.0213,37.2685,67.05,44,0,4.23,clear sky
264,Flinders,AU,-34.5833,150.8552,79.81,81,88,11.95,overcast clouds
265,Ilo,PE,-17.6394,-71.3375,69.69,87,81,2.71,broken clouds
266,Manavgat,TR,36.7867,31.4431,50.41,67,92,4.83,overcast clouds
267,Samarai,PG,-10.6167,150.6667,84.42,73,100,7.96,overcast clouds
268,Svetlogorsk,BY,52.6333,29.7333,17.98,92,92,11.12,overcast clouds
269,Tasiilaq,GL,65.6145,-37.6368,26.76,54,1,6.89,clear sky
270,Alice Springs,AU,-23.7,133.8833,89.15,19,0,16.11,clear sky
271,Nuqui,CO,5.7125,-77.2708,77.59,90,97,2.82,light rain
272,Faya,SA,18.3851,42.4509,55.51,65,13,2.1,few clouds
273,Lieksa,FI,63.3167,30.0167,7.61,93,100,8.52,overcast clouds
274,Labuhan,ID,-6.8844,112.2051,81.9,76,86,7.99,overcast clouds
275,Coquimbo,CL,-29.9533,-71.3436,60.53,88,20,6.91,few clouds
276,Dudinka,RU,69.4058,86.1778,-2.38,94,100,14.92,overcast clouds
277,Naron,ES,43.5167,-8.1528,56.59,92,99,8.86,overcast clouds
278,Nanortalik,GL,60.1432,-45.2371,33.39,72,72,13.91,broken clouds
279,Obregon,NI,11.9566,-85.9636,80.69,65,35,9.17,scattered clouds
280,La Asuncion,VE,11.0333,-63.8628,78.53,94,18,12.66,few clouds
281,Faanui,PF,-16.4833,-151.75,81.46,70,26,13.89,scattered clouds
282,Najran,SA,17.4924,44.1277,63.25,32,0,3.29,clear sky
283,Saint-Louis,SN,16.3333,-15.0,78.48,19,100,10.33,overcast clouds
284,Maceo,CO,6.552,-74.7874,68.67,98,94,2.55,overcast clouds
285,Matamoros,MX,25.5333,-103.25,74.1,25,10,4.72,clear sky
286,Geraldton,AU,-28.7667,114.6,104.41,9,2,26.46,clear sky
287,Ponta Delgada,PT,37.7333,-25.6667,66.51,88,40,24.16,scattered clouds
288,Nouadhibou,MR,20.931,-17.0347,67.98,56,0,13.8,clear sky
289,Rio Grande,BR,-32.035,-52.0986,72.39,81,43,16.69,scattered clouds
290,Sterling,US,39.0062,-77.4286,65.8,90,90,1.01,moderate rain
291,Nanae,JP,41.8833,140.6833,23.23,74,75,2.3,light snow
292,Adrar,MR,20.5022,-10.0711,64.42,25,0,8.77,clear sky
293,Sfantu Gheorghe,RO,45.8667,25.7833,44.56,58,100,2.19,overcast clouds
294,Naze,JP,28.3667,129.4833,49.12,73,100,18.14,overcast clouds
295,Carutapera,BR,-1.195,-46.02,76.21,93,100,6.33,overcast clouds
296,Trairi,BR,-3.2778,-39.2689,80.26,78,100,7.34,overcast clouds
297,Palmares Do Sul,BR,-30.2578,-50.5097,70.92,80,0,15.26,clear sky
298,Prince Rupert,CA,54.3161,-130.3201,17.29,55,1,10.36,clear sky
299,Laguna,US,38.421,-121.4238,49.17,93,90,4.0,overcast clouds
300,Bathsheba,BB,13.2167,-59.5167,77.61,73,20,13.8,few clouds
301,Ulladulla,AU,-35.35,150.4667,69.76,88,100,8.72,overcast clouds
302,Hofn,IS,64.2539,-15.2082,33.62,94,100,15.93,light rain
303,Zetel,DE,53.4022,7.9645,18.93,61,6,7.92,clear sky
304,Lakes Entrance,AU,-37.8811,147.981,64.17,58,100,12.41,overcast clouds
305,Tual,ID,-5.6667,132.75,84.2,77,98,19.55,overcast clouds
306,Rochegda,RU,62.8,43.25,9.27,95,100,5.1,light snow
307,La Ronge,CA,55.1001,-105.2842,-21.75,69,1,3.44,clear sky
308,Nanuque,BR,-17.8392,-40.3539,70.0,91,82,4.9,broken clouds
309,Bethel,US,41.3712,-73.414,44.04,92,20,4.61,mist
310,Zaysan,KZ,47.4667,84.8667,15.37,70,98,4.34,overcast clouds
311,Los Pozos,VE,8.4518,-62.7268,79.05,84,19,5.35,few clouds
312,Boa Vista,BR,2.8197,-60.6733,82.38,74,0,6.91,clear sky
313,Buin,CL,-33.7333,-70.75,80.74,39,95,3.11,overcast clouds
314,Roald,NO,62.5833,6.1333,35.91,87,75,3.44,light rain
315,Sistranda,NO,63.7256,8.834,33.91,68,100,10.18,light snow
316,Mwene-Ditu,CD,-7.0,23.45,65.34,97,98,3.2,overcast clouds
317,Pochutla,MX,15.7432,-96.4661,77.85,85,82,1.36,broken clouds
318,Kloulklubed,PW,7.0419,134.2556,84.7,78,100,18.88,overcast clouds
319,Charters Towers,AU,-20.1,146.2667,84.09,58,100,13.73,overcast clouds
320,Kaeo,NZ,-35.1,173.7833,80.33,67,62,7.52,broken clouds
321,Bilma,NE,18.6853,12.9164,63.95,20,100,5.97,overcast clouds
322,Poum,NC,-20.2333,164.0167,81.88,75,96,11.05,overcast clouds
323,Kuantan,MY,3.8077,103.326,78.91,89,20,9.22,few clouds
324,Oshnaviyeh,IR,37.0397,45.0983,12.45,69,6,3.6,clear sky
325,Progreso,MX,21.2833,-89.6667,75.31,68,0,12.39,clear sky
326,Zyryanka,RU,65.75,150.85,-24.75,98,99,4.56,overcast clouds
327,Banjar,ID,-8.19,114.9675,85.91,76,100,6.24,overcast clouds
328,Pangnirtung,CA,66.1451,-65.7125,12.24,70,9,6.8,clear sky
329,Erzin,TR,36.9559,36.2,46.92,64,5,4.97,clear sky
330,Lasa,IT,46.6166,10.7002,38.28,83,100,2.08,overcast clouds
331,Chornukhy,UA,50.2673,32.942,22.73,94,100,4.9,overcast clouds
332,Lamesa,US,32.7376,-101.951,61.86,27,100,10.71,overcast clouds
333,Eureka,US,40.8021,-124.1637,42.58,93,100,1.01,overcast clouds
334,Port Augusta,AU,-32.5,137.7667,81.72,28,0,18.41,clear sky
335,Auki,SB,-8.7676,160.7034,85.06,76,93,6.91,overcast clouds
336,Erenhot,CN,43.6475,111.9767,3.11,62,0,12.57,clear sky
337,Jilib,SO,0.4883,42.7854,74.39,94,82,3.83,broken clouds
338,Yulara,AU,-25.2406,130.9889,89.44,13,99,16.11,overcast clouds
339,College,US,64.8569,-147.8028,14.2,85,90,0.0,snow
340,Grass Valley,US,39.2191,-121.0611,40.53,96,90,3.0,mist
341,Ewa Beach,US,21.3156,-158.0072,80.55,55,20,15.01,few clouds
342,Lebu,CL,-37.6167,-73.65,58.08,87,0,19.33,clear sky
343,Raudeberg,NO,61.9875,5.1352,34.2,96,100,1.01,light snow
344,Ahipara,NZ,-35.1667,173.1667,75.29,61,25,3.44,scattered clouds
345,Lavrentiya,RU,65.5833,-171.0,12.47,88,100,1.63,overcast clouds
346,Kalanchak,UA,46.2562,33.2907,36.66,98,100,7.2,overcast clouds
347,Nazarovo,RU,56.0064,90.3914,2.44,89,100,4.25,overcast clouds
348,Belyy Yar,RU,53.6039,91.3903,-13.11,77,97,0.0,mist
349,Teliu,RO,45.6979,25.858,44.29,84,100,2.37,overcast clouds
350,Amboasary,MG,-25.0333,46.3833,75.04,84,84,8.23,broken clouds
351,Mehamn,NO,71.0357,27.8492,28.35,68,100,18.21,light snow
352,Los Llanos De Aridane,ES,28.6585,-17.9182,59.13,86,0,5.99,clear sky
353,Grindavik,IS,63.8424,-22.4338,34.27,86,75,19.57,snow
354,Elko,US,41.0002,-115.5012,35.62,82,100,2.73,overcast clouds
355,Thompson,CA,55.7435,-97.8558,-23.64,76,1,4.61,clear sky
356,Salalah,OM,17.0151,54.0924,69.89,68,20,4.61,few clouds
357,Elliot Lake,CA,46.3834,-82.6331,30.29,87,100,7.25,overcast clouds
358,Sorland,NO,67.667,12.6934,35.2,58,100,12.26,light rain
359,Gigmoto,PH,13.7796,124.39,79.39,85,94,14.63,overcast clouds
360,Kandava,LV,57.0409,22.7747,28.6,74,100,13.02,overcast clouds
361,Quang Ngai,VN,15.1167,108.8,72.41,93,99,2.13,overcast clouds
362,Buala,SB,-8.145,159.5921,84.58,73,86,10.87,light rain
363,Longyearbyen,SJ,78.2186,15.6401,22.84,68,20,19.57,few clouds
364,Springbok,ZA,-29.6643,17.8865,53.92,85,94,3.53,overcast clouds
365,Wamba,NG,8.9333,8.6,72.72,25,30,4.07,scattered clouds
366,Channel-Port Aux Basques,CA,47.5702,-59.1367,31.15,69,48,14.81,scattered clouds
367,Manicore,BR,-5.8092,-61.3003,75.63,97,100,1.86,overcast clouds
368,Belaya Gora,RU,68.5333,146.4167,-40.11,99,96,6.93,overcast clouds
369,Lana,IT,46.6124,11.1559,47.43,85,99,4.34,overcast clouds
370,San Policarpo,PH,12.1791,125.5072,80.96,82,44,16.46,scattered clouds
371,Riyadh,SA,24.6877,46.7219,53.74,61,100,9.33,overcast clouds
372,Lagoa,PT,39.05,-27.9833,62.62,91,100,32.64,overcast clouds
373,Morondava,MG,-20.2833,44.2833,77.09,85,63,7.49,broken clouds
374,Senanga,ZM,-16.1167,23.2667,67.1,78,93,3.76,light rain
375,Nokaneng,BW,-19.6667,22.2667,72.95,72,100,10.89,overcast clouds
376,Saint-Joseph,RE,-21.3667,55.6167,76.21,85,40,1.3,scattered clouds
377,Balykshi,KZ,47.0667,51.8667,19.4,79,0,22.37,clear sky
378,Wilmington,US,34.2257,-77.9447,62.98,74,1,11.5,clear sky
379,Sidrolandia,BR,-20.9319,-54.9614,81.39,65,0,3.96,clear sky
380,Batsfjord,NO,70.6345,29.7185,25.88,87,100,20.38,light snow
381,Katsuura,JP,35.1333,140.3,42.91,42,51,6.8,broken clouds
382,Rypefjord,NO,70.6333,23.6667,18.07,79,68,0.0,broken clouds
383,Grand Gaube,MU,-20.0064,57.6608,76.37,86,100,4.99,overcast clouds
384,Victoria,HK,22.2855,114.1577,62.33,78,100,1.01,overcast clouds
385,Porto Santo,PT,33.072,-16.3415,66.58,94,40,10.36,scattered clouds
386,Rimouski,CA,48.4488,-68.524,20.88,85,48,1.28,scattered clouds
387,Ixtapa,MX,20.7,-105.2,74.43,73,1,4.61,clear sky
388,Moindou,NC,-21.6924,165.677,89.55,64,97,6.96,overcast clouds
389,Velsk,RU,61.0701,42.0983,6.55,97,99,3.89,overcast clouds
390,Kahului,US,20.8947,-156.47,78.82,66,40,23.02,scattered clouds
391,Verkhnevilyuysk,RU,63.4453,120.3167,-40.67,100,96,3.74,overcast clouds
392,Cochrane,CA,51.1834,-114.4687,-13.14,63,75,4.61,broken clouds
393,Mount Gambier,AU,-37.8333,140.7667,60.71,67,90,19.57,overcast clouds
394,Nelson Bay,AU,-32.7167,152.15,86.29,67,83,4.0,broken clouds
395,Krasnoarmeysk,RU,51.0239,45.6969,22.3,94,100,7.0,light snow
396,Impfondo,CG,1.6381,18.0667,72.39,94,100,1.16,moderate rain
397,Colesberg,ZA,-30.72,25.0972,62.78,73,1,12.21,clear sky
398,Saint-Georges,GD,12.0564,-61.7485,78.48,78,40,5.75,scattered clouds
399,Sao Geraldo Do Araguaia,BR,-6.4006,-48.555,73.2,97,100,3.24,light rain
400,Berbera,SO,10.4396,45.0143,74.07,80,18,4.38,few clouds
401,Muriwai Beach,NZ,-36.8167,174.45,80.42,51,48,6.15,scattered clouds
402,Wladyslawowo,PL,54.7909,18.4009,24.94,70,26,20.02,scattered clouds
403,Umm Kaddadah,SD,13.6017,26.6876,59.77,26,23,13.89,few clouds
404,Apatity,RU,67.5641,33.4031,3.11,96,100,4.0,overcast clouds
405,Balkanabat,TM,39.5108,54.3671,34.43,73,30,8.16,scattered clouds
406,Kasongo,CD,-4.45,26.6667,65.66,98,100,1.05,overcast clouds
407,Bairiki,KI,1.3292,172.9752,87.8,70,20,8.05,few clouds
408,Kayerkan,RU,69.3497,87.7602,-8.82,92,86,6.91,overcast clouds
409,Fairbanks,US,64.8378,-147.7164,14.22,85,90,0.0,snow
410,Huaihua,CN,27.5494,109.9592,26.76,95,100,7.43,snow
411,Roebourne,AU,-20.7833,117.1333,101.46,26,20,13.42,few clouds
412,Tibati,CM,6.4667,12.6333,70.09,27,75,2.82,broken clouds
413,Anloga,GH,5.7947,0.8973,81.32,79,10,9.55,clear sky
414,Hervey Bay,AU,-25.2986,152.8535,84.31,69,100,8.99,overcast clouds
415,Kamenka,RU,51.3223,42.7678,20.75,96,100,3.2,overcast clouds
416,Salento,CO,4.6375,-75.5703,65.53,96,97,1.39,overcast clouds
417,Kruisfontein,ZA,-34.0033,24.7314,63.88,89,86,2.89,overcast clouds
418,Aklavik,CA,68.2191,-135.0107,-13.97,93,10,10.96,clear sky
419,Guiratinga,BR,-16.3494,-53.7583,74.97,76,99,1.34,overcast clouds
420,Kihei,US,20.785,-156.4656,78.82,67,40,23.02,scattered clouds
421,Along,IN,28.1667,94.7667,52.47,56,8,1.12,clear sky
422,Kieta,PG,-6.2167,155.6333,81.09,79,100,2.06,overcast clouds
423,Ngunguru,NZ,-35.6167,174.5,80.17,78,75,9.22,broken clouds
424,Breytovo,RU,58.2993,37.8617,7.52,94,100,11.79,light snow
425,Vredendal,ZA,-31.6683,18.5012,63.82,85,36,4.65,scattered clouds
426,Gunnedah,AU,-30.9833,150.25,85.62,31,76,8.32,broken clouds
427,Miri,MY,4.4148,114.0089,84.34,79,40,3.44,scattered clouds
428,Acapulco,MX,16.8634,-99.8901,80.42,69,40,2.3,scattered clouds
429,Klaksvik,FO,62.2266,-6.589,36.52,64,100,15.12,overcast clouds
430,Georgiyevka,KZ,43.0369,74.7114,30.24,100,90,2.24,fog
431,Ouadda,CF,8.0777,22.4007,74.44,23,100,8.5,overcast clouds
432,Shaowu,CN,27.3409,117.4831,40.51,75,97,3.6,overcast clouds
433,Hurghada,EG,27.2574,33.8129,55.44,47,0,11.5,clear sky
434,Peniche,PT,39.3558,-9.3811,59.11,93,100,12.3,overcast clouds
435,Gorontalo,ID,0.5412,123.0595,86.76,64,100,6.67,overcast clouds
436,Brae,GB,60.3964,-1.353,37.31,65,20,7.49,few clouds
437,Santa Fe Do Sul,BR,-20.2111,-50.9258,70.74,56,0,3.31,clear sky
438,Kapoeta,SS,4.7717,33.5903,78.71,59,55,11.95,broken clouds
439,Venice,US,27.0998,-82.4543,67.14,93,1,0.0,clear sky
440,Trenggalek,ID,-8.05,111.7167,83.5,73,92,4.56,overcast clouds
441,Wysokie Mazowieckie,PL,52.9166,22.5171,15.01,88,6,13.06,clear sky
442,Berlevag,NO,70.8578,29.0864,28.13,82,100,24.25,light snow
443,Westport,US,41.1415,-73.3579,48.34,95,90,1.01,mist
444,Oga,IT,46.4631,10.347,30.88,90,100,0.76,overcast clouds
445,Akdagmadeni,TR,39.6603,35.8836,25.16,54,7,3.98,clear sky
446,Torbay,CA,47.6666,-52.7314,27.57,85,75,17.27,broken clouds
447,Ko Samui,TH,9.5357,99.9357,80.51,83,20,9.22,few clouds
448,Skelleftea,SE,64.7507,20.9528,16.16,79,90,10.36,light snow
449,Mpika,ZM,-11.8343,31.4529,63.34,81,100,4.47,overcast clouds
450,Ravar,IR,31.2656,56.8055,42.75,36,0,5.39,clear sky
451,Kununurra,AU,-15.7667,128.7333,84.18,65,90,12.66,overcast clouds
452,Ibra,OM,22.6906,58.5334,65.53,60,100,1.9,overcast clouds
453,Maceio,BR,-9.6658,-35.7353,81.84,83,75,3.44,moderate rain
454,Contai,IN,21.7786,87.7536,69.01,72,0,0.6,clear sky
455,Gidole,ET,5.65,37.3667,57.25,73,27,2.19,scattered clouds
456,Port Blair,IN,11.6667,92.75,79.23,69,12,9.53,few clouds
457,Kunnamangalam,IN,11.3046,75.8777,72.23,79,75,3.09,broken clouds
458,Bud,US,39.447,-86.1758,53.11,89,0,5.3,clear sky
459,Palmer,US,42.1584,-72.3287,36.46,87,90,0.0,mist
460,Tarazona,ES,41.9,-1.7333,43.54,82,100,1.74,overcast clouds
461,Saldanha,ZA,-33.0117,17.9442,62.65,90,12,9.37,few clouds
462,Virginia Beach,US,36.8529,-75.978,66.25,68,1,17.27,clear sky
463,Gubkinskiy,RU,64.434,76.5026,-13.31,97,24,11.97,few clouds
464,Makinsk,KZ,52.6292,70.4169,-4.0,98,83,5.79,broken clouds
465,Kenai,US,60.5544,-151.2583,18.09,90,1,0.0,clear sky
466,Chuzhou,CN,32.3219,118.2978,25.75,23,22,9.91,few clouds
467,Port Hawkesbury,CA,45.6169,-61.3485,32.59,94,90,4.0,light snow
468,Baoying,CN,33.2292,119.3092,24.94,27,6,10.2,clear sky
469,Puerto Gaitan,CO,4.3133,-72.0816,84.13,46,31,7.67,scattered clouds
470,Ucluelet,CA,48.9329,-125.5528,32.09,85,100,6.49,light snow
471,Rawson,AR,-43.3002,-65.1023,64.92,63,0,10.94,clear sky
472,Boca Do Acre,BR,-8.7522,-67.3978,78.3,85,99,2.55,overcast clouds
473,Almeirim,BR,-1.5233,-52.5817,75.76,89,100,3.58,overcast clouds
474,Krasnovka,RU,48.8177,40.0923,27.5,97,100,8.25,snow
475,Margate,GB,51.3813,1.3862,42.96,94,100,1.99,overcast clouds
476,Bekwai,GH,6.4534,-1.5774,72.25,96,20,1.9,few clouds
477,Saint-Paul,RE,-21.0096,55.2707,77.74,82,45,0.6,scattered clouds
478,Kalmar,SE,56.6616,16.3616,26.96,86,26,12.66,scattered clouds
479,Yaan,NG,7.3833,8.5667,76.5,23,80,6.31,broken clouds
480,Vigrestad,NO,58.5667,5.7,21.81,82,11,8.03,few clouds
481,Lebanon,US,36.2081,-86.2911,67.96,82,40,3.44,scattered clouds
482,Boende,CD,-0.2167,20.8667,72.14,97,100,2.42,overcast clouds
483,Beyneu,KZ,45.3167,55.2,16.11,80,2,11.52,clear sky
484,Olinda,BR,-8.0089,-34.8553,74.93,100,75,5.75,moderate rain
485,Mount Isa,AU,-20.7333,139.5,87.57,27,100,9.22,overcast clouds
486,Aykhal,RU,66.0,111.5,-31.59,100,85,1.97,overcast clouds
487,Vryburg,ZA,-26.9566,24.7284,67.41,68,6,20.92,clear sky
488,Balocawehay,PH,10.7221,124.9678,78.15,90,100,7.36,overcast clouds
489,Florida,US,28.7505,-82.5001,64.02,86,0,6.55,clear sky
490,Hobyo,SO,5.3505,48.5268,77.74,75,41,12.12,scattered clouds
491,Devonport,AU,-41.1667,146.35,70.0,33,24,7.7,few clouds
492,Santa Isabel Do Rio Negro,BR,-0.4139,-65.0192,75.79,92,98,2.77,overcast clouds
493,Kumluca,TR,36.3703,30.2869,49.68,68,22,6.67,few clouds
494,Roanoke Rapids,US,36.4615,-77.6542,64.35,79,38,11.77,scattered clouds
495,Nizhneivkino,RU,58.194,49.5214,14.76,88,96,14.05,overcast clouds
496,Tocache,PE,-8.1842,-76.5125,75.78,78,79,1.05,broken clouds
497,Malacky,SK,48.436,17.0219,32.38,77,100,4.99,overcast clouds
498,Guerrero Negro,MX,27.9769,-114.0611,60.48,70,90,11.3,overcast clouds
499,Biak,ID,-0.9131,122.8766,84.63,62,100,4.18,overcast clouds
500,Riberalta,BO,-10.9833,-66.1,80.65,78,100,0.58,overcast clouds
501,Portland,US,45.5234,-122.6762,39.74,92,90,1.01,overcast clouds
502,Preobrazheniye,RU,42.9019,133.9064,6.89,45,2,9.93,clear sky
503,Corrientes,AR,-27.4806,-58.8341,80.02,67,0,3.44,clear sky
504,Bhatkal,IN,13.9667,74.5667,73.49,51,5,3.27,clear sky
505,Muli,MV,2.9167,73.5667,81.55,63,67,15.84,broken clouds
506,Altay,CN,47.8667,88.1167,12.88,51,35,7.29,scattered clouds
507,Novo Aripuana,BR,-5.1206,-60.3797,74.7,98,100,2.51,overcast clouds
508,Havelock,US,34.8791,-76.9013,63.01,81,1,5.01,clear sky
509,Ouegoa,NC,-20.35,164.4333,85.33,66,78,7.67,broken clouds
510,Ariquemes,BR,-9.9133,-63.0408,78.49,87,100,2.3,overcast clouds
511,Newport,GB,51.5877,-2.9984,50.83,94,100,5.1,overcast clouds
512,Yuncheng,CN,35.0231,110.9928,26.26,12,0,12.64,clear sky
513,Kemise,ET,10.7167,39.8667,61.97,45,63,3.38,broken clouds
514,Wahpeton,US,46.2652,-96.6059,12.92,85,90,11.5,overcast clouds
515,Corn Island,NI,12.1694,-83.0418,80.51,78,42,18.45,scattered clouds
516,Nemuro,JP,43.3236,145.575,23.43,64,100,21.12,overcast clouds
517,Sobolevo,RU,54.4299,31.8996,17.06,92,100,15.61,overcast clouds
518,Rock Sound,BS,24.9,-76.2,73.35,62,0,10.85,clear sky
519,Mangan,IN,27.5167,88.5333,52.02,51,86,3.29,overcast clouds
520,Yantal,RU,56.8471,105.2542,-13.54,91,19,2.95,few clouds
521,Tokur,RU,53.1333,132.9,-25.47,90,76,1.43,broken clouds
522,Suamico,US,44.6319,-88.0393,33.49,64,90,5.75,overcast clouds
523,Barranca,PE,-10.75,-77.7667,68.2,83,98,7.23,overcast clouds
524,Rosarito,MX,32.3333,-117.0333,56.35,70,100,9.31,overcast clouds
525,Kampong Thum,KH,12.7111,104.8887,76.19,78,50,9.22,scattered clouds
526,Sisimiut,GL,66.9395,-53.6735,21.94,62,0,5.28,clear sky
527,Parabel,RU,58.6978,81.4825,-13.49,99,24,4.25,few clouds
528,Ocala,US,29.1872,-82.1401,63.34,88,1,4.61,clear sky
529,Cetraro,IT,39.5166,15.9416,56.25,74,100,3.58,overcast clouds
530,Luena,AO,-11.7833,19.9167,59.59,98,80,2.01,broken clouds
531,Tiznit,MA,29.5833,-9.5,58.03,76,100,1.9,overcast clouds
532,San Pedro Del Pinatar,ES,37.8357,-0.791,62.2,81,100,5.99,overcast clouds
533,Wolsztyn,PL,52.1155,16.1171,16.92,89,5,2.44,clear sky
534,Sikasso,ML,10.9167,-7.0,73.35,19,100,4.61,overcast clouds
535,Awbari,LY,26.5921,12.7805,51.49,42,45,8.81,scattered clouds
536,Artvin,TR,41.1667,41.8333,36.68,82,36,6.15,scattered clouds
537,Atar,MR,20.5169,-13.0499,66.27,25,0,6.24,clear sky
538,Ambulu,ID,-8.345,113.6058,83.25,76,97,7.38,overcast clouds
539,Bubaque,GW,11.2833,-15.8333,79.32,73,100,7.54,overcast clouds
540,Le Port,RE,-20.9373,55.2919,77.61,81,57,0.56,broken clouds
541,Zhongshu,CN,24.5167,103.7667,48.81,98,100,4.23,overcast clouds
542,Samana,DO,19.2056,-69.3369,74.64,89,22,6.13,few clouds
543,Morros,BR,-9.4467,-46.3003,70.2,95,100,5.55,overcast clouds
544,Nagorsk,RU,59.3172,50.8078,20.05,83,100,16.28,light snow
545,Agadez,NE,19.75,10.25,59.7,24,100,4.52,overcast clouds
546,Yaguajay,CU,22.3272,-79.2378,72.81,85,21,10.69,few clouds
547,Dharchula,IN,29.85,80.5333,42.66,34,18,7.52,few clouds
548,Tabou,CI,4.423,-7.3528,79.18,82,11,5.53,few clouds
549,Sangar,RU,63.9242,127.4739,-55.8,100,69,1.3,broken clouds
550,Jablah,SY,35.3614,35.9256,44.89,81,0,4.61,clear sky
551,Khirkiya,IN,22.1674,76.8605,59.67,62,1,5.26,clear sky
552,Safaga,EG,26.7292,33.9365,55.35,51,0,16.02,clear sky
553,Ada,US,43.4166,-116.1262,34.99,84,90,18.99,light snow
554,Sandwick,GB,60.0,-1.25,37.22,60,20,9.22,few clouds
555,Warangal,IN,18.0,79.5833,65.08,88,0,5.32,clear sky
556,Metu,ET,8.3,35.5833,60.8,90,98,1.86,overcast clouds
557,Atyashevo,RU,54.5644,46.0691,5.4,94,6,8.95,clear sky
558,Halifax,CA,44.6453,-63.5724,29.08,66,91,1.99,overcast clouds
559,Carballo,ES,43.213,-8.691,55.0,90,69,5.61,broken clouds
560,Gillette,US,44.2911,-105.5022,31.8,72,1,4.61,clear sky
561,Pevek,RU,69.7008,170.3133,-15.63,94,100,5.53,overcast clouds
562,Gladstone,AU,-23.85,151.25,87.78,65,90,8.05,overcast clouds
563,Sumbe,AO,-11.2061,13.8437,74.73,81,100,6.87,light rain
564,Alyangula,AU,-13.8483,136.4192,80.47,100,75,8.05,moderate rain
565,Qaqortoq,GL,60.7167,-46.0333,45.1,55,100,13.58,overcast clouds
566,Maragogi,BR,-9.0122,-35.2225,79.14,85,99,7.65,moderate rain
567,Gold Coast,AU,-28.0,153.4333,85.15,78,100,3.0,overcast clouds
568,Homer,US,59.6425,-151.5483,33.04,77,90,4.61,overcast clouds
569,Majene,ID,-3.5403,118.9707,87.17,61,40,10.65,scattered clouds
570,Mandera,KE,3.9366,41.867,78.4,65,14,9.35,few clouds
571,Istmina,CO,5.1605,-76.684,73.26,98,80,3.15,broken clouds
572,Yar-Sale,RU,66.8333,70.8333,-8.59,95,80,11.5,broken clouds
573,Susanville,US,40.4163,-120.653,31.84,94,75,0.0,light snow
574,Koumac,NC,-20.5667,164.2833,84.96,64,67,6.24,broken clouds
575,Bonthe,SL,7.5264,-12.505,78.69,80,19,2.51,few clouds
576,Lunino,RU,53.5918,45.2271,1.0,99,51,6.06,broken clouds
577,Gurlan,UZ,41.8447,60.3919,21.27,90,36,4.61,scattered clouds
578,Kansk,RU,56.2017,95.7175,-19.61,99,98,1.7,overcast clouds
579,Kota Tinggi,MY,1.7381,103.8999,82.44,82,96,7.09,overcast clouds
580,Druzhba,UA,52.0428,33.9453,13.73,96,59,8.43,broken clouds
581,Cangucu,BR,-31.395,-52.6756,62.94,80,11,4.7,few clouds
582,Sawtell,AU,-30.3833,153.1,82.72,79,34,10.36,scattered clouds
583,Hamilton,US,39.1834,-84.5333,55.63,92,40,1.01,scattered clouds
584,Hualmay,PE,-11.0964,-77.6139,68.09,86,66,7.83,broken clouds
585,Turukhansk,RU,65.8167,87.9833,-9.26,99,99,7.92,overcast clouds
586,Ubinskoye,RU,55.3068,79.6802,11.28,92,100,7.4,overcast clouds
587,Kasongo-Lunda,CD,-6.4667,16.8167,69.22,98,81,0.45,broken clouds
588,Valdivia,CL,-39.8142,-73.2459,71.69,71,0,3.18,clear sky
589,Wewak,PG,-3.5534,143.6268,84.09,80,98,9.82,moderate rain
590,Mayo,US,38.8876,-76.5119,65.1,90,90,8.99,light rain
591,Filingue,NE,14.3521,3.3168,72.9,17,100,7.85,overcast clouds
592,Waterloo,CA,43.4668,-80.5164,39.83,89,90,7.0,overcast clouds
593,Makakilo City,US,21.3469,-158.0858,79.12,56,20,10.36,few clouds
594,Derzhavinsk,KZ,51.1,66.3167,-9.17,100,86,6.08,overcast clouds
595,Haines Junction,CA,60.7522,-137.5108,-4.05,77,100,0.0,light snow
596,Avera,US,33.194,-82.5271,69.67,83,3,10.02,clear sky
597,Ust-Maya,RU,60.4167,134.5333,-47.13,97,94,1.12,overcast clouds
598,Carndonagh,IE,55.25,-7.2667,39.83,95,100,20.98,light rain
599,Mago,RU,53.2514,140.1822,-12.44,83,96,6.82,overcast clouds
600,Alugan,PH,12.2188,125.4808,80.69,83,44,15.61,scattered clouds
601,Tuensang,IN,26.2833,94.8333,53.02,84,28,2.3,scattered clouds
602,Mareeba,AU,-17.0,145.4333,88.52,90,100,3.98,overcast clouds
603,Botucatu,BR,-22.8858,-48.445,61.95,73,0,4.68,clear sky
604,Isangel,VU,-19.55,169.2667,86.11,74,50,4.61,scattered clouds
605,Dourdan,FR,48.5277,2.0111,48.25,96,100,5.3,overcast clouds
606,Pryazha,RU,61.6926,33.6216,-6.57,99,100,2.82,overcast clouds
607,Ransang,PH,8.9603,117.5828,83.21,70,100,2.21,overcast clouds
608,Imeni Poliny Osipenko,RU,52.4201,136.4853,-21.78,92,22,1.23,few clouds
609,Phek,IN,25.6667,94.5,39.88,95,23,1.81,few clouds
610,La Rioja,ES,42.25,-2.5,38.05,85,100,4.41,overcast clouds
611,La Romana,DO,18.4273,-68.9728,75.56,94,20,0.0,few clouds
612,Cassilandia,BR,-19.1133,-51.7342,68.86,65,0,2.68,clear sky
613,Nichinan,JP,31.6,131.3667,40.68,48,3,15.73,clear sky
614,Abalak,RU,58.1286,68.5944,-9.2,96,11,5.32,few clouds
615,Brenham,US,30.1669,-96.3977,70.79,81,90,0.0,overcast clouds
616,Jales,BR,-20.2689,-50.5458,69.24,58,0,4.12,clear sky
617,General Roca,AR,-39.0333,-67.5833,77.4,13,0,7.83,clear sky
618,Mao,ES,39.8885,4.2658,57.76,100,0,5.75,clear sky
619,Birjand,IR,32.8663,59.2211,25.27,46,0,6.91,clear sky
620,Tekeli,KZ,44.83,78.8239,25.77,63,99,9.48,overcast clouds
621,Ostrovskoye,RU,57.8057,42.2433,6.1,92,100,9.98,overcast clouds
622,Xuddur,SO,4.1213,43.8894,69.78,83,100,13.56,overcast clouds
623,Dzilam Gonzalez,MX,21.2833,-88.9333,70.54,80,0,6.33,clear sky
624,Perbaungan,ID,3.5679,98.956,78.91,77,100,5.3,overcast clouds
625,Kita,ML,13.0349,-9.4895,71.73,16,100,4.47,overcast clouds
626,Tvoroyri,FO,61.5556,-6.8111,36.79,58,90,21.74,overcast clouds
627,Gualaquiza,EC,-3.4,-78.55,63.77,98,66,1.66,broken clouds
628,Tangkak,MY,2.2673,102.5453,80.47,83,100,5.1,overcast clouds
629,Kavaratti,IN,10.5669,72.642,81.21,66,99,9.08,overcast clouds
630,Puerto Escondido,MX,15.85,-97.0667,79.63,69,1,0.0,clear sky
631,Moctezuma,MX,29.8,-109.6667,64.4,57,76,3.67,broken clouds
632,Sakakah,SA,29.9697,40.2064,44.17,75,0,5.61,clear sky
633,Alekseyevsk,RU,57.8406,108.3492,-10.82,96,100,2.53,overcast clouds
634,Ranfurly,NZ,-45.1333,170.1,69.06,39,0,18.81,clear sky
635,Lagos,NG,6.5833,3.75,82.72,89,25,3.15,scattered clouds
636,San Miguel,SV,13.4833,-88.1833,71.71,73,5,3.06,clear sky
637,Krasnoselkup,RU,65.7,82.4667,-11.76,97,92,10.13,overcast clouds
638,Riachao Das Neves,BR,-11.7461,-44.91,69.51,100,100,2.53,overcast clouds
639,Colares,PT,38.7992,-9.4469,58.89,79,100,13.0,overcast clouds
640,Novobiryusinskiy,RU,56.9578,97.7076,-10.48,95,100,2.26,overcast clouds
641,Waddan,LY,29.1614,16.139,52.86,42,62,6.31,broken clouds
642,Fort Wellington,GY,6.4,-57.6,76.39,85,24,7.87,few clouds
643,Requena,ES,39.4883,-1.1004,51.13,95,100,4.5,overcast clouds
644,Constitucion,CL,-35.3333,-72.4167,60.87,74,6,8.63,clear sky
645,Praia Da Vitoria,PT,38.7333,-27.0667,66.45,88,75,34.09,broken clouds
646,Bonavista,CA,48.6499,-53.1147,28.11,85,100,22.55,snow
647,Rawlins,US,41.7911,-107.2387,34.02,69,75,9.22,broken clouds
648,Tarakan,ID,3.3,117.6333,78.3,94,75,5.75,broken clouds
649,Piotrkow Trybunalski,PL,51.4055,19.7032,18.18,88,5,4.27,clear sky
650,Mitsamiouli,KM,-11.3847,43.2844,81.59,71,12,13.24,few clouds
651,Saraland,US,30.8207,-88.0706,66.31,87,0,6.2,clear sky
652,Quirinopolis,BR,-18.4483,-50.4517,68.74,64,0,1.21,clear sky
653,Kontagora,NG,10.3999,5.4695,70.77,21,77,4.65,broken clouds
654,Bulolo,PG,-7.2,146.65,75.99,91,100,1.7,overcast clouds
655,Roma,US,43.2128,-75.4557,40.73,97,90,0.0,moderate rain
656,Quatre Cocos,MU,-20.2078,57.7625,76.08,78,100,3.47,overcast clouds
657,Catamarca,AR,-28.4696,-65.7852,82.04,35,93,9.42,overcast clouds
658,Atherton,GB,53.5237,-2.4935,39.29,92,100,5.99,moderate rain
659,Khorinsk,RU,52.1657,109.7726,-9.62,93,44,3.91,scattered clouds
660,De Aar,ZA,-30.6497,24.0123,66.72,65,0,17.87,clear sky
661,Aksu,CN,41.1231,80.2644,20.46,65,79,2.84,broken clouds
662,Kaniama,CD,-7.5667,24.1833,66.02,96,100,1.79,overcast clouds
663,Port Hardy,CA,50.6996,-127.4199,26.6,74,90,10.36,light snow
664,Dwarka,IN,22.2394,68.9678,70.92,81,56,6.78,broken clouds
665,Chifeng,CN,42.2683,118.9636,7.03,49,7,11.12,clear sky
666,Kosa,RU,59.9445,54.9977,15.53,91,100,16.8,light snow
667,Tingo Maria,PE,-9.2895,-76.0088,70.9,95,64,2.62,light rain
